dimension,ce_loss_without_sae,ce_loss_with_sae,ce_loss_with_ablation,ce_loss_score,kl_div_with_sae,kl_div_with_ablation,kl_div_score,mse,explained_variance,cosine_similarity,l2_norm_in,l2_norm_out,l2_ratio,relative_bias,l0_sparsity,l1_sparsity,total_tokens,total_samples
2048,4.08148972273194,4.286152857993798,4.706702044163815,0.672650188882396,0.9203395336716765,5.1287320366168885,0.8205522286633591,0.10579680887247445,0.11905268765558753,0.8123727621288475,19.150468467572413,11.280413789486666,0.5889359351228266,0.67122924242623,1.0,44759.26865323968,24501,872
4096,4.08148972273194,4.262884175591087,4.706702044163815,0.7098674374895555,0.5900810966929204,5.1287320366168885,0.8849460075963229,0.06855533336964223,0.4574312957328394,0.9124254887803979,19.150468467572413,11.964997934638907,0.6247013495501342,0.6730357199530113,1.0,44883.81855647936,24501,872
8192,4.08148972273194,4.241636850839634,4.706702044163815,0.7438516121766339,0.4823142691177425,5.1287320366168885,0.9059583800118963,0.052196651594627885,0.6251617259935501,0.9489371150458624,19.150468467572413,12.25608979233908,0.6399081876644587,0.6716249304609895,1.0,44790.3224268922,24501,872
16384,4.08148972273194,4.223578685867772,4.706702044163815,0.7727348640735516,0.49084230471784196,5.1287320366168885,0.904295583917453,0.040758122476415894,0.7273084526761956,0.9676412516230837,19.150468467572413,12.91645368523554,0.6744322338562603,0.6983112113757493,1.0,46573.458948537846,24501,872
32768,4.08148972273194,4.121269586353778,4.706702044163815,0.9363738327735287,0.24222153536393046,5.1287320366168885,0.9527716531630327,0.017387177590109885,0.8355592461900974,0.9827265963641876,19.150468467572413,15.685709918310883,0.8190966696274027,0.8388839992028821,1.0,55956.294491829125,24501,872
